akwukwo ulo akwukwo,school book,Education,Manual
akwukwo ntuziaka,manual,Education,Manual
akwukwo ndebanye,register,Education,Manual
akwukwo nyocha,research paper,Education,Manual
akwukwo edemede,essay,Education,Manual
ulo akwukwo praimari,primary school,Education,Manual
ulo akwukwo sekondiri,secondary school,Education,Manual
ulo akwukwo elu,higher institution,Education,Manual
onye isi ulo akwukwo,principal,Education,Manual
onye isi ngalaba,head of department,Education,Manual
dean,dean,Education,Manual
prọfesọ,professor,Education,Manual
onye nkuzi enyemaka,assistant lecturer,Education,Manual
nwa akwukwo postgraduate,postgraduate student,Education,Manual
akwukwo nkwado,certificate,Education,Manual
akwukwo ogo,diploma,Education,Manual
ogo mmuta,academic qualification,Education,Manual
nkuzi online,online learning,Education,Manual
akwukwo dijital,digital material,Education,Manual
usoro mmuta,learning system,Education,Manual
Nchikota data,Data Collection,Education,Manual
Nyocha data,Data Analysis,Education,Manual
Nduzi,Supervision,Education,Manual
Onye ndu,Supervisor,Education,Manual
Ogbako,Conference,Education,Manual
Semina,Seminar,Education,Manual
Nsonaazu nyocha,Research Findings,Education,Manual
Mmemme akwukwo,Academic Program,Education,Manual
Mmuta n'ịntanetị,E-Learning,Education,Manual
Nnyocha akwukwo,Literature Review,Education,Manual

Mmụta,Education,education,manual
Nkuzi,Teaching,education,manual
Ọmụmụ,Learning,education,manual
Mahadum,University,education,manual
Klas,Class,education,manual
Nwa Akwụkwọ,Student,education,manual
Onye Nkụzi,Teacher,education,manual
Nnyocha,Research,education,manual
Nnwale,Examination,education,manual
Nsonaazụ,Result,education,manual
Akara,Score,education,manual
Ọbá Akwụkwọ,Library,education,manual
Laboratorị,Laboratory,education,manual
Ihe Omụmụ,Course Material,education,manual
Ndebanye Akwụkwọ,Registration,education,manual
Semester,Semester,education,manual
Fakọlti,Faculty,education,manual
Ngalaba,Department,education,manual
Ọrụ Ụlọ,Assignment,education,manual
Asambodo,Certificate,education,manual
Ngụsị Akwụkwọ,Graduation,education,manual
Nchịkọta Data,Data Collection,education,manual
Nyocha Data,Data Analysis,education,manual
Machine Translation,Ntụgharị Asụsụ Akpaaka,education,manual
Artificial Intelligence,Amamihe Arụrụ Arụ,education,manual
Natural Language Processing,Nhazi Asụsụ Nkịtị,education,manual
Transformer,Transformer,education,manual
Self Attention Mechanism,Self Attention Mechanism,education,manual
Dataset,Dataset,education,manual
Corpus,Corpus,education,manual